modality,perturbation,Additive,ContextKNN,ContextRidge,CrossModal[PerturbationMean],GlobalMean,LinearEmbedding,NoChange,PerturbationMean
asap_adt,Day11,0.0223,0.0225,0.0225,0.0223,0.0225,0.0225,0.0228,0.0226
asap_adt,Day2,0.0317,0.0318,0.0326,0.0299,0.036,0.036,0.0373,0.0301
asap_adt,Day28,0.0381,0.0405,0.0376,0.0387,0.0372,0.0372,0.0383,0.0396
atac,Day11,0.0664,0.0662,0.0664,0.0662,0.0663,0.0663,0.0665,0.0667
atac,Day2,0.0717,0.0708,0.0709,0.0706,0.0707,0.0707,0.0707,0.0709
atac,Day28,0.0747,0.0768,0.0741,0.0746,0.074,0.074,0.0744,0.0755
cite_adt,Day11,0.0354,0.0348,0.0354,0.0348,0.0382,0.0382,0.0375,0.0349
cite_adt,Day2,0.0708,0.0813,0.0725,0.0681,0.0707,0.0707,0.0676,0.0706
cite_adt,Day28,0.0693,0.0807,0.0702,0.0721,0.0728,0.0729,0.0724,0.0724
rna,Day11,0.1012,0.1011,0.1069,0.0959,0.1303,0.1303,0.1573,0.0959
rna,Day2,0.1297,0.1268,0.1298,0.1221,0.1497,0.1495,0.1616,0.1221
rna,Day28,0.2725,0.3063,0.284,0.2749,0.2749,0.2748,0.2894,0.2749
