mse,pearson,pearson_delta,cosine_delta,mse_top20,pearson_delta_top20,direction_acc_top20,modality,perturbation,model,n_test_cells,paper_pcc,mmd,energy
0.0007553267433148368,0.9973820265004926,0.864910523942857,0.8706025756402902,0.006479879882404281,0.983900058911647,1.0,rna,ATF2,MultiPert,160,0.7879778812104523,1.169077763688434,5.130882745885037
0.0030986737285068587,0.9896016822482578,,,0.15852792227383072,,0.0,rna,ATF2,NoChange,160,,0.11586938741030739,1.0110921625512486
0.0005938479113011745,0.9979242516697219,0.8944158313077134,0.8992297791398358,0.005420520951992259,0.9863345381514433,1.0,rna,ATF2,PerturbationMean,160,,-0.0034734793371837824,-0.032645441117731266
0.0008720838417686483,0.9973195985705137,0.8471401585312618,0.8493204182269598,0.013837802653953523,0.9614483686210471,1.0,rna,ATF2,LeaveOutMean,160,,,
0.0015044091292627329,0.9949920338301407,0.8881201567343453,0.8903823369953922,0.013411225298399715,0.9950266919361692,1.0,rna,CAV1,MultiPert,83,0.7786493932279306,1.1512219179841963,5.63412966279216
0.0072536852052821985,0.9753891553279728,,,0.49706782275704875,,0.0,rna,CAV1,NoChange,83,,0.2269676864003789,2.1852001101457947
0.0012673987748223331,0.9956452439763994,0.9060541243361171,0.908576567560816,0.006675289338945831,0.9956625454288,1.0,rna,CAV1,PerturbationMean,83,,-0.007274899202345697,-0.07093338281748096
0.003373996512590667,0.9887166555507554,0.788474761828507,0.7932965005435498,0.19018960592891349,0.9781614366002895,1.0,rna,CAV1,LeaveOutMean,83,,,
0.0005331908486243639,0.9982113287188457,0.7315733122061647,0.7343437165492342,0.0049567016864918685,0.9745466110342192,1.0,rna,ETV7,MultiPert,359,0.7572934000691669,1.1881439483621348,5.161586690390752
0.0010656118516267426,0.9963324608241386,,,0.06373025315784132,,0.0,rna,ETV7,NoChange,359,,0.03314308405551847,0.2817178823007218
0.0004108904132633912,0.9985807611525531,0.7826956416249574,0.7856116079963015,0.005598145814044539,0.9669653279173084,1.0,rna,ETV7,PerturbationMean,359,,0.0015702943654676282,0.014323998280444172
0.0017389834555138408,0.9941231330911001,0.5048573262606264,0.5130069426446926,0.016060912748698673,0.9056635501637421,0.95,rna,ETV7,LeaveOutMean,359,,,
0.0009946451475952055,0.9958443628675356,0.9695897802880524,0.9696793419216178,0.01090086537016178,0.9948859108901107,1.0,rna,IFNGR1,MultiPert,141,0.7581608350641402,1.1651769138577954,4.7139243579894
0.01651072288700754,0.9400267234288482,,,1.9964877874018803,,0.0,rna,IFNGR1,NoChange,141,,0.6348571014385533,5.9898235927588335
0.0007436020921700654,0.9968552452173877,0.9774729806550455,0.9775545383470416,0.007328212505610339,0.995746177617729,1.0,rna,IFNGR1,PerturbationMean,141,,-0.002979443537633575,-0.021578663059884207
0.017482898447899357,0.9374257467130969,0.11401851583071196,0.09697087597758282,1.837487797427023,0.0913101933154383,0.65,rna,IFNGR1,LeaveOutMean,141,,,
0.000806349826781706,0.9971439804197457,0.868688738856922,0.869239728735197,0.0029544731784894736,0.994493244960652,1.0,rna,IRF1,MultiPert,200,0.7543726277427271,1.1979904566622483,5.102861971212375
0.0032166109531774185,0.9886296911035256,,,0.2616404524495272,,0.0,rna,IRF1,NoChange,200,,0.11737405279466628,1.019431058408836
0.0006525192185689402,0.9976881384217712,0.8928683246122806,0.8932779982831319,0.003603416210013516,0.9933058391355236,1.0,rna,IRF1,PerturbationMean,200,,-0.0005298269818068135,-0.008400875744870362
0.0026869376267415397,0.9904862832350462,0.5034504357668801,0.5071588263862571,0.12182567352746694,0.7863338825622478,0.9,rna,IRF1,LeaveOutMean,200,,,
0.0007258688009690608,0.9975566193715262,0.8177689071617666,0.8303770128783939,0.009254890970528987,0.9694862996198246,1.0,rna,IRF7,MultiPert,150,0.8000123358410905,1.1823144133929175,4.9246742977830475
0.0023346956354300657,0.992765159462382,,,0.12263000683860739,,0.0,rna,IRF7,NoChange,150,,0.07710553737985304,0.6719743144941202
0.0006037646717171357,0.9979622486284339,0.8500801434419394,0.8614911000726325,0.005584947359117767,0.9733447332988359,1.0,rna,IRF7,PerturbationMean,150,,-0.003495294909651836,-0.031099106884258987
0.0015694873818113259,0.9955631845495099,0.6447178480891842,0.6505198626499503,0.030672505684065526,0.8815410248369971,0.95,rna,IRF7,LeaveOutMean,150,,,
0.0007668158397375626,0.9973355056750046,0.8394902094251623,0.8459202776725744,0.00426342289238042,0.9884645743659595,1.0,rna,MARCH8,MultiPert,146,0.7924527411338989,1.2065041593584804,5.043633111404244
0.0026208148986303866,0.9911754054221491,,,0.13904059229958068,,0.0,rna,MARCH8,NoChange,146,,0.10031516992751799,0.8337432350265424
0.0007468814630433512,0.997472850333436,0.8453092784426826,0.8510160553066806,0.00388180151662377,0.9879804454923018,1.0,rna,MARCH8,PerturbationMean,146,,0.0031949880742492276,0.021652740180542196
0.0011349604318449385,0.9964201241228878,0.7570902139660086,0.7619521679125034,0.015345817736670856,0.9630337502270485,1.0,rna,MARCH8,LeaveOutMean,146,,,
0.003045989479004479,0.9888391667822224,0.7110020255692624,0.7110969296245003,0.028508340245858278,0.9656299678844713,1.0,rna,PDL1,MultiPert,47,0.7387380553963239,1.1007980849908732,5.106659303328202
0.005892563405799511,0.9788269431149605,,,0.36705032744872024,,0.0,rna,PDL1,NoChange,47,,0.14135737885779065,1.2299598339847346
0.002821949301632564,0.9896384360739944,0.7375787417658979,0.7372922365381268,0.014682413305553449,0.9753879878511016,1.0,rna,PDL1,PerturbationMean,47,,-0.0020775947186146837,-0.04325106681212709
0.003668437444719183,0.9866778803622059,0.6209983022537399,0.6166423758370063,0.1214560361133173,0.8756931378312635,1.0,rna,PDL1,LeaveOutMean,47,,,
0.0011132369310580135,0.9961134665205674,0.8268933448268954,0.8306506161142942,0.014324547286708242,0.9602943110330313,1.0,rna,STAT2,MultiPert,116,0.7953528454185093,1.188847263471147,4.7868499725593665
0.0033175770007181013,0.9884722601693404,,,0.1585465298761271,,0.0,rna,STAT2,NoChange,116,,0.13752234983077605,1.11352517103807
0.0008679533575800789,0.9969270204812875,0.8659337460905046,0.8689705765606776,0.00781257808710365,0.9757398237226179,1.0,rna,STAT2,PerturbationMean,116,,0.0016597628297314593,0.005529627510485469
0.0013067282256067746,0.995464193006676,0.7739900734242583,0.778839813610698,0.03166119941964869,0.9188361127455384,1.0,rna,STAT2,LeaveOutMean,116,,,
0.0008762658013837477,0.9990536035376653,0.9954886094953906,0.8357944563536023,0.0008762658013837478,0.9954886094953908,1.0,adt,ATF2,MultiPert,160,0.6548903343303101,1.3633955914732954,0.2716935074470711
0.002409560548269981,0.9923033897884316,,,0.002409560548269981,,0.0,adt,ATF2,NoChange,160,,0.045035661115585324,0.015929837874043784
0.0009168844027981013,0.999402126426399,0.8418351342703804,0.8120901495197461,0.0009168844027981012,0.8418351342703804,0.75,adt,ATF2,PerturbationMean,160,,4.927054241177231e-05,-0.000406029994373891
0.000914117676127726,0.9998110370586847,0.8015852906095062,0.7890596541167099,0.000914117676127726,0.8015852906095062,0.75,adt,ATF2,LeaveOutMean,160,,,
0.007242122190869923,0.9714940353579984,0.7012212062069507,0.6605356914954933,0.007242122190869923,0.7012212062069508,0.5,adt,CAV1,MultiPert,83,0.7970436299364341,1.3522282223621556,0.30124237443651325
0.010724084558596183,0.958893479414691,,,0.010724084558596183,,0.0,adt,CAV1,NoChange,83,,0.10708285738210188,0.05392709890244851
0.003461103319243424,0.9859249423918952,0.9509982178003812,0.9277252999421532,0.003461103319243424,0.9509982178003812,0.75,adt,CAV1,PerturbationMean,83,,0.028533902899829044,0.014575819023499914
0.008114815100640793,0.972918042961035,0.5017519874599046,0.5081537045341161,0.008114815100640793,0.5017519874599046,0.75,adt,CAV1,LeaveOutMean,83,,,
0.0019193492167027054,0.990839172989558,-0.572179060572013,-0.47849378587648705,0.0019193492167027054,-0.572179060572013,0.5,adt,ETV7,MultiPert,359,0.8067630768182998,1.3519651564958433,0.24876700085338677
0.0005022208130158326,0.9983035802180034,,,0.0005022208130158326,,0.0,adt,ETV7,NoChange,359,,0.00824085034353672,0.002980813315127784
0.0001070557850989396,0.9996116963397819,0.9460752372933301,0.9407473237948816,0.0001070557850989396,0.9460752372933301,1.0,adt,ETV7,PerturbationMean,359,,0.0002923802727781144,-0.0001183501662412878
0.003938030269764439,0.9817151535414421,-0.856713172159324,-0.7754976914515034,0.0039380302697644394,-0.856713172159324,0.25,adt,ETV7,LeaveOutMean,359,,,
0.017675713062302794,0.9147133866344731,0.6380855152156929,0.6243359254743691,0.017675713062302794,0.6380855152156929,0.75,adt,IFNGR1,MultiPert,141,0.6699700215835628,1.4937643851841624,0.38947223606102443
0.022124765552161398,0.8801330580525815,,,0.022124765552161398,,0.0,adt,IFNGR1,NoChange,141,,0.2580026596585703,0.1238883071876744
0.0009137155117886059,0.9950748469342332,0.9917145258126822,0.9909738551485213,0.0009137155117886059,0.9917145258126822,1.0,adt,IFNGR1,PerturbationMean,141,,0.0003322920634598603,0.0010730723240819362
0.01611876589618618,0.9175770782332546,0.795690272500095,0.7651698356512174,0.01611876589618618,0.7956902725000949,0.75,adt,IFNGR1,LeaveOutMean,141,,,
0.0009811563725965079,0.9956544359618874,0.2583940623967081,0.2773788616526581,0.0009811563725965076,0.25839406239670815,0.5,adt,IRF1,MultiPert,200,0.8448664529731759,1.3563059988823642,0.223676238021442
0.0004978224277595724,0.998586053543934,,,0.0004978224277595724,,0.0,adt,IRF1,NoChange,200,,0.0037869566514632247,0.0018138000057855708
6.332111609186423e-05,0.9998319530158266,0.9514071626276581,0.9371926689145388,6.332111609186423e-05,0.9514071626276581,1.0,adt,IRF1,PerturbationMean,200,,-0.001860503645874978,-0.00098392070152864
0.002552639436913399,0.9897189735248315,-0.10482967612946456,-0.08967051117849041,0.002552639436913399,-0.10482967612946457,0.25,adt,IRF1,LeaveOutMean,200,,,
0.0005191316552775188,0.9979373389998638,0.9420854489853345,0.8977173561555511,0.0005191316552775188,0.9420854489853345,0.75,adt,IRF7,MultiPert,150,0.7732336507426292,1.377574638343023,0.2805760733691327
0.002125966583362672,0.9895379178050324,,,0.002125966583362672,,0.0,adt,IRF7,NoChange,150,,0.04986401364113746,0.017100715902494068
0.00018857852782495004,0.9993115744497958,0.9736829227646858,0.9665625585270787,0.00018857852782495004,0.9736829227646858,0.75,adt,IRF7,PerturbationMean,150,,-0.0051772447738778204,-0.0024857267808013894
0.00015324600981887838,0.999639987483259,0.9736991966452718,0.9734743139429307,0.00015324600981887838,0.9736991966452719,1.0,adt,IRF7,LeaveOutMean,150,,,
0.004040262045450165,0.9810925110723212,0.908872315298231,0.7984756849264452,0.004040262045450164,0.9088723152982312,0.75,adt,MARCH8,MultiPert,146,0.7759292323036704,1.362395369438429,0.29750452785984316
0.007563739769084738,0.9637314558918799,,,0.007563739769084738,,0.0,adt,MARCH8,NoChange,146,,0.105666354853303,0.04611370588112207
0.0009870933821504412,0.9956893378324202,0.9725215332889448,0.9599082316208543,0.0009870933821504412,0.9725215332889448,0.75,adt,MARCH8,PerturbationMean,146,,0.003067335127277193,0.0016943876442456762
0.0032474565058019356,0.9854578234786427,0.902256817843565,0.9034996769388178,0.003247456505801936,0.902256817843565,1.0,adt,MARCH8,LeaveOutMean,146,,,
0.0075879163958780405,0.9909569369774137,0.14796698202971897,0.21675477648647243,0.0075879163958780405,0.147966982029719,0.25,adt,PDL1,MultiPert,47,0.7898217306033902,1.3837212448740397,0.2791670391414689
0.007833142137575794,0.9802538933639705,,,0.007833142137575794,,0.0,adt,PDL1,NoChange,47,,0.09944642066832143,0.04423965148141551
0.00021235470665653726,0.9985628669217604,0.9899538638904792,0.9883749255363422,0.00021235470665653723,0.9899538638904792,1.0,adt,PDL1,PerturbationMean,47,,-0.018928588750177777,-0.006762947024375077
0.006907882100796783,0.9910493330100749,0.43388327672218757,0.3505277083269732,0.006907882100796783,0.4338832767221875,0.75,adt,PDL1,LeaveOutMean,47,,,
0.00012217451716541562,0.9995651084937882,0.9809778493432694,0.9708549814396843,0.00012217451716541565,0.9809778493432691,1.0,adt,STAT2,MultiPert,116,0.7886090640195978,1.3569925090847255,0.26734344279517996
0.001431437128871851,0.9945374978069185,,,0.0014314371288718512,,0.0,adt,STAT2,NoChange,116,,0.02978108832822457,0.009705863040447626
0.00010442724523698519,0.9997603751845283,0.9619161104081353,0.9637194999638277,0.00010442724523698519,0.9619161104081353,0.75,adt,STAT2,PerturbationMean,116,,-0.005481192877292873,-0.003292250491678028
0.000657533931709753,0.9994679882645967,0.7862708847491157,0.7824726337957063,0.0006575339317097532,0.7862708847491156,0.75,adt,STAT2,LeaveOutMean,116,,,
