split_family,modality,model,pearson_delta,pearson_delta_top20,mse_top20,direction_acc_top20
random,protein,Additive,0.262,0.262,0.008,0.656
random,protein,ContextKNN,0.289,0.289,0.007,0.625
random,protein,ContextRidge,0.288,0.288,0.007,0.625
random,protein,CrossModal[PerturbationMean],0.381,0.381,0.012,0.688
random,protein,GlobalMean,-0.042,-0.042,0.019,0.469
random,protein,LinearEmbedding,-0.027,-0.027,0.017,0.469
random,protein,NoChange,,,0.015,0.0
random,protein,PerturbationMean,0.29,0.29,0.007,0.625
random,rna,Additive,0.448,0.696,0.038,0.869
random,rna,ContextKNN,0.283,0.443,0.045,0.697
random,rna,ContextRidge,0.283,0.443,0.045,0.697
random,rna,CrossModal[PerturbationMean],0.283,0.443,0.045,0.694
random,rna,GlobalMean,0.194,0.286,0.158,0.706
random,rna,LinearEmbedding,0.209,0.331,0.161,0.741
random,rna,NoChange,,,0.201,0.0
random,rna,PerturbationMean,0.283,0.443,0.045,0.694
unseen_donor,protein,Additive,0.464,0.464,0.007,0.709
unseen_donor,protein,ContextKNN,0.462,0.462,0.007,0.706
unseen_donor,protein,ContextRidge,0.462,0.462,0.007,0.706
unseen_donor,protein,CrossModal[PerturbationMean],0.493,0.493,0.009,0.696
unseen_donor,protein,GlobalMean,0.112,0.112,0.026,0.554
unseen_donor,protein,LinearEmbedding,0.119,0.119,0.024,0.541
unseen_donor,protein,NoChange,,,0.028,0.0
unseen_donor,protein,PerturbationMean,0.464,0.464,0.007,0.709
unseen_donor,rna,Additive,0.342,0.434,0.039,0.718
unseen_donor,rna,ContextKNN,0.342,0.434,0.039,0.719
unseen_donor,rna,ContextRidge,0.342,0.434,0.039,0.719
unseen_donor,rna,CrossModal[PerturbationMean],0.342,0.434,0.039,0.718
unseen_donor,rna,GlobalMean,0.177,0.22,0.27,0.633
unseen_donor,rna,LinearEmbedding,0.186,0.239,0.262,0.636
unseen_donor,rna,NoChange,,,0.361,0.0
unseen_donor,rna,PerturbationMean,0.342,0.434,0.039,0.718
unseen_perturbation,protein,Additive,0.209,0.209,0.043,0.583
unseen_perturbation,protein,ContextKNN,0.211,0.211,0.043,0.583
unseen_perturbation,protein,ContextRidge,0.212,0.212,0.043,0.533
unseen_perturbation,protein,CrossModal[PerturbationMean],0.211,0.211,0.043,0.583
unseen_perturbation,protein,GlobalMean,0.211,0.211,0.043,0.583
unseen_perturbation,protein,LinearEmbedding,0.144,0.144,0.043,0.533
unseen_perturbation,protein,NoChange,,,0.049,0.0
unseen_perturbation,protein,PerturbationMean,0.211,0.211,0.043,0.583
unseen_perturbation,rna,Additive,0.432,0.488,0.575,0.853
unseen_perturbation,rna,ContextKNN,0.388,0.413,0.579,0.8
unseen_perturbation,rna,ContextRidge,0.431,0.48,0.576,0.863
unseen_perturbation,rna,CrossModal[PerturbationMean],0.388,0.413,0.579,0.8
unseen_perturbation,rna,GlobalMean,0.388,0.413,0.579,0.8
unseen_perturbation,rna,LinearEmbedding,0.372,0.387,0.584,0.793
unseen_perturbation,rna,NoChange,,,0.726,0.0
unseen_perturbation,rna,PerturbationMean,0.388,0.413,0.579,0.8
