table,modality,cell_type,day,n_donors,shared,donor,noise,donor_true,donor_share,shared_over_noise
cite,rna,B,Day11,6,0.002124565886333585,0.002897844882681966,0.0015399149851873517,0.0013579298974946141,0.38993009088495845,1.3796644014572677
cite,rna,B,Day2,6,0.0009190916898660362,0.0027369901072233915,0.001767704146914184,0.0009692859603092074,0.5132903157476242,0.5199352456520853
cite,rna,B,Day28,6,0.0018454864621162415,0.006559770088642836,0.0018591360421851277,0.004700634046457708,0.7180793632352065,0.9926581058302526
cite,rna,CD4 T,Day11,6,0.0015016533434391022,0.002164491219446063,0.0006684039835818112,0.0014960872358642519,0.49907161620100166,2.2466253647862993
cite,rna,CD4 T,Day2,6,0.0004243762232363224,0.0018837040988728404,0.0006552031263709068,0.0012285009725019336,0.7432499980455141,0.647701767827166
cite,rna,CD4 T,Day28,6,0.0013019618345424533,0.005774419754743576,0.0007527489215135574,0.005021670833230019,0.7941117229693426,1.7296096976460487
cite,rna,CD8 T,Day11,6,0.001648048055358231,0.002573806094005704,0.0008326899842359126,0.0017411161097697914,0.5137302369960655,1.979185635180303
cite,rna,CD8 T,Day2,6,0.0006289249868132174,0.001833721878938377,0.0007700438727624714,0.0010636780061759055,0.6284273456810205,0.816739161311678
cite,rna,CD8 T,Day28,6,0.0014776303432881832,0.0064552840776741505,0.0008918130770325661,0.005563471000641584,0.7901421565871838,1.6568834673347417
cite,rna,DC,Day11,6,0.0027356171049177647,0.006206216756254435,0.00547385960817337,0.0007323571480810642,0.21117721604991152,0.4997601876440235
cite,rna,DC,Day2,4,0.002859110478311777,0.0051637077704072,0.004581919405609369,0.0005817883647978306,0.1690803453762846,0.6239984218865874
cite,rna,DC,Day28,5,0.004978381562978029,0.009828319773077965,0.005039048846811056,0.004789270926266909,0.49031954520703164,0.9879605684173076
cite,rna,Mono,Day11,6,0.0023604638408869505,0.003767323913052678,0.0009979951428249478,0.0027693287702277303,0.5398519940606269,2.3652057405864397
cite,rna,Mono,Day2,6,0.00322115165181458,0.004403498489409685,0.0010490023996680975,0.0033544960897415876,0.5101392625614896,3.070680918207381
cite,rna,Mono,Day28,6,0.00264544365927577,0.00916983187198639,0.0012419319245964289,0.00792789994738996,0.74980065363543,2.1301035965682407
cite,rna,NK,Day11,6,0.0028902264311909676,0.004395634401589632,0.0027493303641676903,0.0016463040374219418,0.3628993674378023,1.0512474124097964
cite,rna,NK,Day2,6,0.001180516555905342,0.004131323657929897,0.0026700033340603113,0.001461320323869586,0.5531455537838065,0.44214048006828294
cite,rna,NK,Day28,6,0.002596653299406171,0.008677077479660511,0.0027192842680960894,0.005957793211564422,0.6964557208843248,0.9549032184208609
cite,rna,Other T,Day11,6,0.0023179869167506695,0.004129577893763781,0.0025536802131682634,0.0015758976805955172,0.4047109361354839,0.9077044591557619
cite,rna,Other T,Day2,6,0.0014386328402906656,0.003576836548745632,0.0026445891708135605,0.0009322473779320717,0.39320728679869976,0.5439910501668189
cite,rna,Other T,Day28,6,0.0024161268956959248,0.00788599532097578,0.0027241550851613283,0.005161840235814452,0.6811642418387789,0.8869270728589369
cite,adt,B,Day11,6,0.0011004176922142506,0.0045654671266674995,0.0015730293234810233,0.0029924378031864762,0.7311369303287582,0.6995531969989534
cite,adt,B,Day2,6,0.0012537040747702122,0.011665991507470608,0.001727316528558731,0.009938674978911877,0.8879859171354846,0.7258102693061705
cite,adt,B,Day28,6,0.0033667359966784716,0.010319211520254612,0.0018442909931764007,0.008474920527078211,0.7156870755435154,1.8254906677606129
cite,adt,CD4 T,Day11,6,0.0006068552611395717,0.0026791647542268038,0.0004792040854226798,0.002199960668804124,0.7837922841090099,1.2663816515760664
cite,adt,CD4 T,Day2,6,0.0009212278528138995,0.004304265137761831,0.0005731447599828243,0.003731120377779007,0.8019864792673751,1.6073214258148436
cite,adt,CD4 T,Day28,6,0.0010852781124413013,0.0049591208808124065,0.0005649669910781085,0.004394153889734298,0.8019360196439351,1.9209584446169141
cite,adt,CD8 T,Day11,6,0.0005184891051612794,0.0027196083683520555,0.0006106631481088698,0.0021089452202431858,0.8026633434190734,0.8490591036432454
cite,adt,CD8 T,Day2,6,0.0011654164409264922,0.004612870514392853,0.0005741145578213036,0.004038755956571549,0.776061138657363,2.0299371006182265
cite,adt,CD8 T,Day28,6,0.0015773202758282423,0.0056248740293085575,0.0006916780839674175,0.00493319594534114,0.7577273103629665,2.2804254065429435
cite,adt,DC,Day11,6,0.0020440821535885334,0.008053612895309925,0.00666794553399086,0.001385667361319065,0.40401415768008253,0.3065535168469082
cite,adt,DC,Day2,4,0.00327032501809299,0.01121213473379612,0.007271072827279568,0.003941061906516552,0.5465054014876535,0.4497720069345756
cite,adt,DC,Day28,5,0.004193403758108616,0.015385623089969158,0.006981596350669861,0.008404026739299297,0.6671222945844818,0.6006368096182291
cite,adt,Mono,Day11,6,0.0009083409095183015,0.005137493368238211,0.0008093608194030821,0.0043281325488351285,0.8265357560307538,1.122294145877013
cite,adt,Mono,Day2,6,0.004128904081881046,0.012105648405849934,0.0006763109122402966,0.011429337493609637,0.7346162764058491,6.105038388636891
cite,adt,Mono,Day28,6,0.0028587868437170982,0.011656224727630615,0.0008526055025868118,0.010803619225043803,0.7907552425737282,3.3530006961525776
cite,adt,NK,Day11,6,0.0005852320464327931,0.0028866827487945557,0.0017243679612874985,0.0011623147875070572,0.6651122390160008,0.3393893064423616
cite,adt,NK,Day2,6,0.0007771030650474131,0.004310148302465677,0.0017481721006333828,0.0025619762018322945,0.7672702553798317,0.44452320498986325
cite,adt,NK,Day28,6,0.0017783645307645202,0.0047639356926083565,0.0018945935880765319,0.0028693421045318246,0.6173673017012338,0.9386522481425622
cite,adt,Other T,Day11,6,0.004247176460921764,0.005540028680115938,0.0022626619320362806,0.0032773667480796576,0.43555690452531737,1.877070719574763
cite,adt,Other T,Day2,6,0.003475941251963377,0.008332245983183384,0.001790434936992824,0.00654181104619056,0.653021840777205,1.941394898047227
cite,adt,Other T,Day28,6,0.0018083868781104684,0.009582307189702988,0.002261975547298789,0.007320331642404199,0.8019013431023708,0.7994723374750942
asap,atac,B,Day11,6,0.0002563467132858932,0.001102286740206182,0.0012630196288228035,0.0,0.0,0.20296336449245922
asap,atac,B,Day2,6,0.00024092054809443653,0.0012412805808708072,0.001395640429109335,0.0,0.0,0.17262365224557616
asap,atac,B,Day28,6,0.00027617436717264354,0.0012728095753118396,0.0013935285387560725,0.0,0.0,0.1981835028790795
asap,atac,CD4 T,Day11,6,0.00010558576468611136,0.00042496228707022965,0.0004077423072885722,1.7219979781657457e-05,0.14022128896565547,0.25895219308548467
asap,atac,CD4 T,Day2,6,7.733470556559041e-05,0.00046748275053687394,0.000391413108445704,7.606964209116995e-05,0.49587670266930434,0.19757822080278672
asap,atac,CD4 T,Day28,6,0.00011794020974775776,0.0005449174786917865,0.00043475310667417943,0.00011016437201760709,0.48295554243152133,0.27128089008952533
asap,atac,CD8 T,Day11,6,0.00010562602255959064,0.0005052261403761804,0.00046885936171747744,3.636677865870297e-05,0.2561170590810041,0.22528295515455263
asap,atac,CD8 T,Day2,6,9.288510045735165e-05,0.0005248491070233285,0.000501016213092953,2.3832893930375576e-05,0.20419211326751155,0.18539340250875033
asap,atac,CD8 T,Day28,6,0.00013153351028449833,0.000654011033475399,0.0005599610158242285,9.405001765117049e-05,0.41691881721963037,0.23489762066898356
asap,atac,DC,Day11,3,0.0019563271198421717,0.003849368542432785,0.005557687487453222,0.0,0.0,0.3520038009079649
asap,atac,Mono,Day11,6,0.00023683947802055627,0.0010364794870838523,0.0012215402675792575,0.0,0.0,0.1938859359011588
asap,atac,Mono,Day2,6,0.00030050473287701607,0.0011486095609143376,0.0013105571269989014,0.0,0.0,0.22929540932347925
asap,atac,Mono,Day28,6,0.00023866005358286202,0.0011853340547531843,0.0013795727863907814,0.0,0.0,0.1729956229473336
asap,atac,NK,Day11,6,0.00027034664526581764,0.001257866038940847,0.0014233373804017901,0.0,0.0,0.1899385549682551
asap,atac,NK,Day2,6,0.000268846342805773,0.0012518331641331315,0.0013060788623988628,0.0,0.0,0.20584235037077736
asap,atac,NK,Day28,6,0.0002980557910632342,0.001297984505072236,0.0014025898417457938,0.0,0.0,0.21250388544968088
asap,atac,Other T,Day11,6,0.0006039870204403996,0.0028636548668146133,0.0032605640590190887,0.0,0.0,0.18524004114248369
asap,atac,Other T,Day2,6,0.0006015707040205598,0.0029241887386888266,0.0033211291301995516,0.0,0.0,0.18113439147860358
asap,atac,Other T,Day28,6,0.0006460628937929869,0.003119480097666383,0.0035292019601911306,0.0,0.0,0.1830620352931001
asap,adt,B,Day11,6,0.0006470244843512774,0.0019990885630249977,0.0016646824078634381,0.0003344061551615596,0.34073335567305324,0.3886774325810956
asap,adt,B,Day2,6,0.0006404193700291216,0.002638972597196698,0.0019117402844130993,0.0007272323127835989,0.5317379577875915,0.3349928728554931
asap,adt,B,Day28,6,0.0011397006455808878,0.0032878487836569548,0.002017734572291374,0.0012701142113655806,0.5270588351235296,0.5648417097233082
asap,adt,CD4 T,Day11,6,0.00020337055320851505,0.0005619912408292294,0.0004352763353381306,0.00012671490549109876,0.38388514898625864,0.4672217088267229
asap,adt,CD4 T,Day2,6,0.00013452993880491704,0.0006366997258737683,0.0004076481272932142,0.00022905159858055413,0.6299868805981541,0.33001485790747176
asap,adt,CD4 T,Day28,6,0.00025712433853186667,0.0010159582598134875,0.00045890104956924915,0.0005570572102442384,0.6841928696144227,0.560304533566045
asap,adt,CD8 T,Day11,6,0.00012675797916017473,0.0008167628548108041,0.00047012045979499817,0.00034664239501580596,0.7322393769104752,0.2696287228499885
asap,adt,CD8 T,Day2,6,0.00015122705372050405,0.0006559668108820915,0.0004946761182509363,0.00016129069263115525,0.5161009079134455,0.3057092269891843
asap,adt,CD8 T,Day28,6,0.0003152191638946533,0.0011964397272095084,0.0005334131419658661,0.0006630265852436423,0.6777709852843016,0.59094750221738
asap,adt,DC,Day11,3,0.003499916521832347,0.006282715126872063,0.00728949811309576,0.0,0.0,0.4801313434109629
asap,adt,Mono,Day11,6,0.0005936024826951325,0.0024290939327329397,0.001712275086902082,0.0007168188458308578,0.5470140253571435,0.34667471788607424
asap,adt,Mono,Day2,6,0.0017750317929312587,0.0041373600251972675,0.0017730183899402618,0.0023643416352570057,0.5711834595922985,1.0011355793049979
asap,adt,Mono,Day28,6,0.001508641755208373,0.006341786589473486,0.0018252492882311344,0.0045165373012423515,0.7496104694858522,0.8265401142385386
asap,adt,NK,Day11,6,0.00032615975942462683,0.0017458442598581314,0.001726460293866694,1.9383965991437435e-05,0.05609699891988338,0.18891819324389905
asap,adt,NK,Day2,6,0.0005495445220731199,0.00234873010776937,0.0016305036842823029,0.0007182264234870672,0.5665269629362788,0.337039730342598
asap,adt,NK,Day28,6,0.0009417005931027234,0.002150209853425622,0.0018756669014692307,0.00027454295195639133,0.2257302438082394,0.5020617426074314
asap,adt,Other T,Day11,6,0.0007192674675025046,0.0032812487334012985,0.003545214422047138,0.0,0.0,0.2028840520983701
asap,adt,Other T,Day2,6,0.0006484851473942399,0.0039814612828195095,0.003797293407842517,0.0001841678749769926,0.22118201703335996,0.17077562298844992
asap,adt,Other T,Day28,6,0.0009371775668114424,0.003616606118157506,0.004277526866644621,0.0,0.0,0.21909332098399736
